train_r2,test_r2,train_rmse,test_rmse,train_mae,test_mae
0.7913209483435281,0.6405504105893,0.16109981193961598,0.2634494880207794,0.12170116690024893,0.21095645093933113
